<!DOCTYPE hibernate-configuration PUBLIC
	"-//Hibernate/Hibernate Configuration DTD 3.0//EN"
	"http://www.hibernate.org/dtd/hibernate-configuration-3.0.dtd">
<hibernate-configuration>
    <session-factory>
        <!-- properties from hibernate-service.xml -->
        <property name="connection.datasource">java:jdbc/DerbyDS</property>
        <property name="dialect">org.hibernate.dialect.DerbyDialect</property>
        <property name="cache.provider_class">org.hibernate.cache.HashtableCacheProvider</property>
        <property name="show_sql">true</property>
               
        <property name="transaction.factory_class">org.hibernate.transaction.JTATransactionFactory</property>
        <property name="transaction.manager_lookup_class">org.hibernate.transaction.JBossTransactionManagerLookup</property>
        <property name="jta.UserTransaction">UserTransaction</property>
        <!-- mapping files -->
        <mapping resource="Files.hbm.xml"/>
    </session-factory>
</hibernate-configuration>
