<?xml version="1.0" encoding="UTF-8"?>
<application xmlns:xsi="http://www.w3.org/2001/XMLSchema-instance" xmlns="http://java.sun.com/xml/ns/j2ee" xmlns:application="http://xmlns.jcp.org/xml/ns/javaee" xsi:schemaLocation="http://java.sun.com/xml/ns/j2ee http://java.sun.com/xml/ns/j2ee/application_1_4.xsd http://xmlns.jcp.org/xml/ns/javaee http://java.sun.com/xml/ns/javaee/application_5.xsd" version="1.4">
  <module id="EjbModule_1425910172446">
    <ejb>DocumentManagerSAR.sar</ejb>
  </module>
  <module id="EjbModule_1425910172474">
    <ejb>DocumentManagerEJB.jar</ejb>
  </module>
  <module id="WebModule_1425910172506">
    <web>
      <web-uri>DocumentManagerWeb.war</web-uri>
      <context-root>/document</context-root>
    </web>
  </module>
</application>