<?xml version="1.0" encoding="UTF-8"?>

<ejb-jar  xmlns="http://java.sun.com/xml/ns/j2ee" xmlns:xsi="http://www.w3.org/2001/XMLSchema-instance" xsi:schemaLocation="http://java.sun.com/xml/ns/j2ee http://java.sun.com/xml/ns/j2ee/ejb-jar_2_1.xsd" version="2.1">

   <display-name>Generated by XDoclet</display-name>

   <enterprise-beans>

      <!-- Session Beans -->
      <session >
         <description><![CDATA[DocumentManager]]></description>
         <display-name>DocumentManager</display-name>

         <ejb-name>DocumentManager</ejb-name>

         <home>org.apache.geronimo.samples.document.ejb.DocumentManagerHome</home>
         <remote>org.apache.geronimo.samples.document.ejb.DocumentManager</remote>
         <ejb-class>org.apache.geronimo.samples.document.ejb.DocumentManagerBean</ejb-class>
         <session-type>Stateless</session-type>
         <transaction-type>Container</transaction-type>

      </session>

     <!--
       To add session beans that you have deployment descriptor info for, add
       a file to your XDoclet merge directory called session-beans.xml that contains
       the <session></session> markup for those beans.
     -->

      <!-- Entity Beans -->
     <!--
       To add entity beans that you have deployment descriptor info for, add
       a file to your XDoclet merge directory called entity-beans.xml that contains
       the <entity></entity> markup for those beans.
     -->

      <!-- Message Driven Beans -->
     <!--
       To add message driven beans that you have deployment descriptor info for, add
       a file to your XDoclet merge directory called message-driven-beans.xml that contains
       the <message-driven></message-driven> markup for those beans.
     -->

   </enterprise-beans>

   <!-- Relationships -->

   <!-- Assembly Descriptor -->
     <!--
       To specify your own assembly descriptor info here, add a file to your
       XDoclet merge directory called assembly-descriptor.xml that contains
       the <assembly-descriptor></assembly-descriptor> markup.
     -->

   <assembly-descriptor >
     <!--
       To specify additional security-role elements, add a file in the merge
       directory called ejb-security-roles.xml that contains them.
     -->
      <security-role>
         <description><![CDATA[description not supported yet by ejbdoclet]]></description>
         <role-name>uploader</role-name>
      </security-role>
	  

   <!-- method permissions -->
     <!--
       To specify additional method-permission elements, add a file in the merge
       directory called ejb-method-permissions.ent that contains them.
     -->

   <method-permission >
      <description><![CDATA[description not supported yet by ejbdoclet]]></description>
         <role-name>uploader</role-name>
      <method >
         <description><![CDATA[]]></description>
         <ejb-name>DocumentManager</ejb-name>
         <method-intf>Remote</method-intf>
         <method-name>upload</method-name>
        <method-params>
         	<method-param>java.lang.String</method-param>
         	<method-param>java.lang.String</method-param>
         </method-params>
      </method>
   </method-permission>
   
   <method-permission >
      <description><![CDATA[description not supported yet by ejbdoclet]]></description>
      <unchecked/>
      <method >
         <description><![CDATA[]]></description>
         <ejb-name>DocumentManager</ejb-name>
         <method-intf>Remote</method-intf>
         <method-name>getFilesByUserid</method-name>
         <method-params>
         	<method-param>java.lang.String</method-param>
         </method-params>
      </method>
   </method-permission>
   
   <method-permission >
      <description><![CDATA[description not supported yet by ejbdoclet]]></description>
      <unchecked/>
      <method >
         <description><![CDATA[]]></description>
         <ejb-name>DocumentManager</ejb-name>
         <method-intf>Home</method-intf>
         <method-name>create</method-name>
         <method-params>
         </method-params>
      </method>
   </method-permission>
   
   

   <!-- transactions -->
     <!--
       To specify additional container-transaction elements, add a file in the merge
       directory called ejb-container-transactions.ent that contains them.
     -->

   <!-- finder transactions -->

   <!-- message destinations -->
     <!--
       To specify additional message-destination elements, add a file in the merge
       directory called ejb-message-destinations.ent that contains them.
     -->

   <!-- exclude list -->
     <!--
       To specify an exclude-list element, add a file in the merge directory
       called ejb-exclude-list.xml that contains it.
     -->
   </assembly-descriptor>

</ejb-jar>
