<?xml version="1.0"?>
<!DOCTYPE hibernate-mapping PUBLIC
        "-//Hibernate/Hibernate Mapping DTD 3.0//EN"
        "http://hibernate.sourceforge.net/hibernate-mapping-3.0.dtd">

<hibernate-mapping>
 <class name="org.apache.geronimo.samples.document.hibernate.UserFile" table="Files">
 	<id name="id" column="id" type="integer"><generator class="increment"></generator></id>
 	<property name="userid" column="username" type="java.lang.String" />
 	<property name="filename" column="filename" type="java.lang.String" />
 	<property name="timestamp" column="created" type="java.sql.Timestamp" />
 </class>
</hibernate-mapping>