<?xml version="1.0" encoding="UTF-8" standalone="no"?>

<!DOCTYPE hibernate-configuration PUBLIC
	"-//Hibernate/Hibernate Configuration DTD 3.0//EN"
	"http://www.hibernate.org/dtd/hibernate-configuration-3.0.dtd">
	
<!--Migration from hibernate.cfg.xml to persistence.xml is finished. A new persistence.xml file was generated in the same location as this hibernate.cfg.xml file.-->
<!--$ANALYSIS-IGNORE, QUICKFIX APPLIED-->
<hibernate-configuration>
    <session-factory>
        <!-- properties from hibernate-service.xml -->
        <property name="connection.datasource">java:comp/DefaultDataSource</property>
        <property name="dialect">org.hibernate.dialect.MySQLDialect</property>
        <property name="cache.provider_class">org.hibernate.cache.HashtableCacheProvider</property>
        <property name="show_sql">true</property>
        <!--  will use JDBCTransactionFactory by default -->
        <!-- <property name="transaction.factory_class">org.hibernate.transaction.JTATransactionFactory</property> -->
        <property name="transaction.manager_lookup_class">org.hibernate.transaction.WebSphereExtendedJTATransactionLookup</property>
        <property name="jta.UserTransaction">java:comp/UserTransaction</property>
        <!-- mapping files -->
        <mapping resource="Files.hbm.xml"/>
    </session-factory>
</hibernate-configuration>
