<?xml version="1.0" encoding="UTF-8"?>
<!DOCTYPE jboss PUBLIC "-//JBoss//DTD JBOSS 4.0//EN" "http://www.jboss.org/j2ee/dtd/jboss_4_0.dtd">
<jboss>
   <security-domain>java:/jaas/j2g</security-domain>	
   <enterprise-beans>

      <session>
         <ejb-name>DocumentManager</ejb-name>
         <!--$ANALYSIS-IGNORE, QUICKFIX APPLIED--><jndi-name>ejb/DocumentManager</jndi-name>

        <method-attributes>
        </method-attributes>
      </session>
      
   </enterprise-beans>

   <resource-managers>
   </resource-managers>

</jboss>