<?xml version="1.0" encoding="UTF-8"?>


<datasources>
   <local-tx-datasource>

      <!-- The jndi name of the DataSource, it is prefixed with java:/ -->
      <!-- Datasources are not available outside the virtual machine -->
      <jndi-name>jdbc/DerbyDS</jndi-name>

      <!-- for in-process persistent db, saved when jboss stops. The
      org.jboss.jdbc.DerbyDatabase mbean is necessary for properly db shutdown -->
      <connection-url>jdbc:derby://localhost:1527/sampledb;create=false</connection-url>

      <!-- The driver class -->
      <driver-class>org.apache.derby.jdbc.ClientDriver</driver-class>

      <!-- The login and password -->
      <user-name></user-name>
      <password></password>

      <!-- The minimum connections in a pool/sub-pool. Pools are lazily constructed on first use -->
      <min-pool-size>5</min-pool-size>

      <!-- The maximum connections in a pool/sub-pool -->
      <max-pool-size>20</max-pool-size>

      <!-- The time before an unused connection is destroyed -->
      <idle-timeout-minutes>5</idle-timeout-minutes>

      <!-- Whether to check all statements are closed when the connection is returned to the pool,
           this is a debugging feature that should be turned off in production -->
      <track-statements></track-statements>

      <!-- This mbean can be used when using in process persistent derby -->
     <!-- <depends>jboss:service=Derby</depends> -->
   </local-tx-datasource>

  <!-- <mbean code="org.jboss.jdbc.DerbyDatabase" name="jboss:service=Derby">
     <attribute name="Database">sampledb</attribute>
   </mbean>-->
</datasources>
