<?xml version="1.0" encoding="UTF-8"?>
<application xmlns:xsi="http://www.w3.org/2001/XMLSchema-instance" xmlns="http://java.sun.com/xml/ns/javaee" xmlns:application="http://xmlns.jcp.org/xml/ns/javaee" xsi:schemaLocation="http://java.sun.com/xml/ns/javaee http://java.sun.com/xml/ns/javaee/application_5.xsd" version="5">
  <module id="EjbModule_1425910172474">
    <ejb>DocumentManagerEJB.jar</ejb>
  </module>
  <module id="WebModule_1425910172506">
    <web>
      <web-uri>DocumentManagerWeb.war</web-uri>
      <context-root>/document</context-root>
    </web>
  </module>
</application>