<!DOCTYPE server PUBLIC
    "-//JBoss//DTD MBean Service 5.0//EN"
    "http://www.jboss.org/j2ee/dtd/jboss-service_5_0.dtd">
<server>
  
   <mbean code="org.jboss.security.auth.login.DynamicLoginConfig"
      name="jboss.web:service=DynaSecurityDomain"> 
      <attribute name="AuthConfig">META-INF/login-config.xml</attribute>
      
      <depends optional-attribute-name="LoginConfigService">
         jboss.security:service=XMLLoginConfig
      </depends>
      
      <depends optional-attribute-name="SecurityManagerService">
         jboss.security:service=JaasSecurityManager
      </depends>
   </mbean>
  
</server>